,CarParkID,Area,Development,Location,AvailableLots,LotType,Agency,latitude,longitude
0,1,Marina,Suntec City,1.29375 103.85718,1089,C,LTA,1.29375,103.85718
1,2,Marina,Marina Square,1.29115 103.85728,923,C,LTA,1.29115,103.85728
2,3,Marina,Raffles City,1.29382 103.85319,481,C,LTA,1.29382,103.85319
3,4,Marina,The Esplanade,1.29011 103.85561,678,C,LTA,1.29011,103.85561
4,5,Marina,Millenia Singapore,1.29251 103.86009,1002,C,LTA,1.29251,103.86009
5,6,Marina,Singapore Flyer,1.28944 103.86311,130,C,LTA,1.28944,103.86311
6,16,Harbfront,VivoCity P3,1.26421 103.82263,10,C,LTA,1.26421,103.82263
7,17,Harbfront,Sentosa,1.25017 103.83126,845,C,LTA,1.25017,103.83126
8,19,Harbfront,Harbourfront Centre,1.26426 103.82011,468,C,LTA,1.26426,103.82011
9,50,Harbfront,VivoCity P2,1.26426 103.82164,330,C,LTA,1.26426,103.82164
10,20,Orchard,Far East Plaza,1.3071 103.83359,38,C,LTA,1.3071,103.83359
11,18,Orchard,Tang Plaza,1.30491 103.83312,211,C,LTA,1.30491,103.83312
12,15,Orchard,Wheelock Place,1.3048 103.83063,48,C,LTA,1.3048,103.83063
13,13,Orchard,Ngee Ann City,1.30236 103.8349,326,C,LTA,1.30236,103.8349
14,12,Orchard,Mandarin Hotel,1.30216 103.83601,12,C,LTA,1.30216,103.83601
15,11,Orchard,Cineleisure,1.30151 103.83641,163,C,LTA,1.30151,103.83641
16,21,Orchard,Centrepoint,1.302 103.83975,67,C,LTA,1.302,103.83975
17,24,Orchard,313@Somerset,1.30084 103.83872,44,C,LTA,1.30084,103.83872
18,7,Orchard,Orchard Point,1.30135 103.84061,165,C,LTA,1.30135,103.84061
19,22,Orchard,Concorde Hotel,1.3006 103.84191,198,C,LTA,1.3006,103.84191
20,9,Orchard,Plaza Singapura,1.30103 103.84503,6,C,LTA,1.30103,103.84503
21,10,Orchard,The Cathay,1.2995 103.84762,89,C,LTA,1.2995,103.84762
22,23,Orchard,ION Orchard,1.30403 103.83206,440,C,LTA,1.30403,103.83206
23,14,Orchard,Wisma Atria,1.30366 103.83327,-25,C,LTA,1.30366,103.83327
24,8,Orchard,The Heeren,1.30255 103.83739,108,C,LTA,1.30255,103.83739
25,26,Harbfront,Resorts World Sentosa,1.25667 103.82012,2045,C,LTA,1.25667,103.82012
26,27,Orchard,Orchard Central,1.30072 103.83979,162,C,LTA,1.30072,103.83979
27,29,Marina,Marina Bay Sands,1.28225028515239 103.858300275795,0,C,LTA,1.28225028515239,103.858300275795
28,43,JurongLakeDistrict,Westgate,1.3343 103.74282,93,C,LTA,1.3343,103.74282
29,52,Orchard,Orchard Gateway,1.30048 103.83931,76,C,LTA,1.30048,103.83931
30,53,JurongLakeDistrict,IMM Building,1.334847 103.746815,0,C,LTA,1.334847,103.746815
31,54,JurongLakeDistrict,JCube,1.33341 103.740088,114,C,LTA,1.33341,103.740088
32,55,Orchard,Paragon,1.3038 103.83585,102,C,LTA,1.3038,103.83585
33,56,Marina,National Gallery,1.29027 103.85167,113,C,LTA,1.29027,103.85167
34,57,Orchard,The Atrium@Orchard,1.299781 103.84552,45,C,LTA,1.299781,103.84552
35,58,Others,Bukit Panjang Plaza,1.37974 103.7644,152,C,LTA,1.37974,103.7644
36,59,Others,Clarke Quay,1.290678 103.84648,295,C,LTA,1.290678,103.84648
37,60,Others,The Star Vista,1.306787 103.78843,768,C,LTA,1.306787,103.78843
38,61,Others,Bugis+,1.299748 103.85414,25,C,LTA,1.299748,103.85414
39,62,Others,Lot One,1.385126 103.74494,172,C,LTA,1.385126,103.74494
40,63,Others,Tampines Mall,1.352524 103.9447,110,C,LTA,1.352524,103.9447
41,64,Others,Junction 8,1.350521 103.84859,73,C,LTA,1.350521,103.84859
42,65,Others,Bedok Mall,1.3248 103.92939,47,C,LTA,1.3248,103.92939
43,66,Others,Funan Mall,1.2911 103.8502,13,C,LTA,1.2911,103.8502
44,A2,,BLK 206/207 ANG MO KIO STREET 22,1.366237056 103.8430464,127,C,HDB,1.366237056,103.8430464
45,A4,,BLK 217/220 ANG MO KIO AVENUE 1,1.365691621 103.8411922,178,C,HDB,1.365691621,103.8411922
46,A7,,BLK 212/213 ANG MO KIO STREET 23,1.368392487 103.8413018,147,C,HDB,1.368392487,103.8413018
47,A8,,BLK 209/210 ANG MO KIO STREET 22,1.368756071 103.8433077,11,C,HDB,1.368756071,103.8433077
48,A9,,BLK 202/203 ANG MO KIO STREET 22,1.36807437 103.8443922,49,C,HDB,1.36807437,103.8443922
49,B6,,BLK 204/209 NEW UPPER CHANGI ROAD,1.326330497 103.9303395,296,C,HDB,1.326330497,103.9303395
50,B7,,BLK 211/218 BEDOK NORTH STREET 1,1.32513124 103.9319217,0,C,HDB,1.32513124,103.9319217
51,B8,,BLK 201/203 BEDOK NORTH STREET 1,1.325881496 103.9282762,20,C,HDB,1.325881496,103.9282762
52,B9,,BLK 402/403 BEDOK NORTH AVENUE 3,1.330172709 103.9338152,115,C,HDB,1.330172709,103.9338152
53,C5,,"BLK 358-360,362-363,366-367 CLEMENTI AVE 2",1.313102659 103.7695739,84,Y,HDB,1.313102659,103.7695739
54,C5,,"BLK 358-360,362-363,366-367 CLEMENTI AVE 2",1.313102659 103.7695739,0,H,HDB,1.313102659,103.7695739
55,C5,,"BLK 358-360,362-363,366-367 CLEMENTI AVE 2",1.313102659 103.7695739,168,C,HDB,1.313102659,103.7695739
56,C6,,BLK 328-334 CLEMENTI AVE 2,1.314488114 103.7676912,101,C,HDB,1.314488114,103.7676912
57,C7,,BLK 349-355 CLEMENTI AVE 2,1.314842819 103.7705785,166,C,HDB,1.314842819,103.7705785
58,C8,,BLK 335/338 CLEMENTI AVE 2,1.316674657 103.7686311,231,C,HDB,1.316674657,103.7686311
59,C9,,BLK 340/342/343/346-348 CLEMENTI AVE 5,1.317649249 103.7703123,62,Y,HDB,1.317649249,103.7703123
60,C9,,BLK 340/342/343/346-348 CLEMENTI AVE 5,1.317649249 103.7703123,0,H,HDB,1.317649249,103.7703123
61,C9,,BLK 340/342/343/346-348 CLEMENTI AVE 5,1.317649249 103.7703123,151,C,HDB,1.317649249,103.7703123
62,CY,,BLK 269/269A/269B CHENG YAN COURT CAR PARK,1.300626028 103.8536649,0,C,HDB,1.300626028,103.8536649
63,H3,,BLK 87 ZION RD,1.291008687 103.8325154,0,H,HDB,1.291008687,103.8325154
64,H3,,BLK 87 ZION RD,1.291008687 103.8325154,52,Y,HDB,1.291008687,103.8325154
65,H3,,BLK 87 ZION RD,1.291008687 103.8325154,102,C,HDB,1.291008687,103.8325154
66,H4,,BLK 22 HAVELOCK RD,1.288093897 103.8293714,51,C,HDB,1.288093897,103.8293714
67,H6,,BLK 77/79 GANGES AVENUE,1.291369664 103.8289836,106,C,HDB,1.291369664,103.8289836
68,H8,,BLKS 4-8 TAMAN HO SWEE,1.287726965 103.8309221,44,Y,HDB,1.287726965,103.8309221
69,H8,,BLKS 4-8 TAMAN HO SWEE,1.287726965 103.8309221,0,H,HDB,1.287726965,103.8309221
70,H8,,BLKS 4-8 TAMAN HO SWEE,1.287726965 103.8309221,33,C,HDB,1.287726965,103.8309221
71,J1,,BLK 101/107 JURONG EAST ST 13,1.336429723 103.7380983,193,C,HDB,1.336429723,103.7380983
72,J2,,BLK 108/110 JURONG EAST ST 13,1.33860776 103.7367713,108,C,HDB,1.33860776,103.7367713
73,J3,,BLK 111/116 JURONG EAST ST 13,1.339494837 103.7354848,167,C,HDB,1.339494837,103.7354848
74,J4,,BLK 201/206 JURONG EAST ST 21,1.337530169 103.7419026,40,C,HDB,1.337530169,103.7419026
75,J5,,BLK 207/208 JURONG EAST ST 21,1.338314475 103.7424182,137,C,HDB,1.338314475,103.7424182
76,J6,,BLK 209/214 JURONG EAST ST 21,1.3390681 103.7388514,147,C,HDB,1.3390681,103.7388514
77,J7,,BLK 215A/231 JURONG EAST ST 21,1.341543873 103.7380331,443,C,HDB,1.341543873,103.7380331
78,J8,,BLK 232/240 JURONG EAST ST 21,1.340430194 103.741574,153,C,HDB,1.340430194,103.741574
79,J9,,BLK 241/245 JURONG EAST ST 24,1.342122435 103.7420009,60,C,HDB,1.342122435,103.7420009
80,K2,,"BLK 9,10,12 PINE CLOSE",1.308736475 103.8823513,0,H,HDB,1.308736475,103.8823513
81,K2,,"BLK 9,10,12 PINE CLOSE",1.308736475 103.8823513,16,C,HDB,1.308736475,103.8823513
82,K2,,"BLK 9,10,12 PINE CLOSE",1.308736475 103.8823513,34,Y,HDB,1.308736475,103.8823513
83,K7,,BLK 51 OLD AIRPORT ROAD,1.308894519 103.8860169,87,C,HDB,1.308894519,103.8860169
84,L1,,BLK 415-420 LOR LEW LIAN,1.349505832 103.8753546,28,C,HDB,1.349505832,103.8753546
85,M1,,BLK 85 TO 94/92A PIPIT ROAD,1.323074781 103.8864364,65,Y,HDB,1.323074781,103.8864364
86,M1,,BLK 85 TO 94/92A PIPIT ROAD,1.323074781 103.8864364,139,C,HDB,1.323074781,103.8864364
87,M1,,BLK 85 TO 94/92A PIPIT ROAD,1.323074781 103.8864364,50,H,HDB,1.323074781,103.8864364
88,M3,,BLK 19 TO 21/23/24/30/32 BALAM RD,1.330680856 103.8857074,30,C,HDB,1.330680856,103.8857074
89,M4,,BLK 22/34/36 CIRCUIT RD,1.329022794 103.8876597,263,C,HDB,1.329022794,103.8876597
90,P1,,BLK 196 PUNGGOL FIELD,1.399325523 103.907016,194,C,HDB,1.399325523,103.907016
91,P2,,BLK 199 PUNGGOL FIELD,1.400096829 103.9060155,160,C,HDB,1.400096829,103.9060155
92,P3,,BLK 101 PUNGGOL FIELD,1.398456837 103.9057745,438,C,HDB,1.398456837,103.9057745
93,P4,,BLK 105 EDGEFIELD PLAINS,1.397227162 103.9056229,207,C,HDB,1.397227162,103.9056229
94,P5,,BLK 107 PUNGGOL FIELD,1.396877555 103.9076419,301,C,HDB,1.396877555,103.9076419
95,P6,,BLK 109 PUNGGOL FIELD,1.395368569 103.9094623,320,C,HDB,1.395368569,103.9094623
96,P7,,BLK 119 EDGEFIELD PLAINS,1.395427967 103.9064702,416,C,HDB,1.395427967,103.9064702
97,P8,,BLK 126 EDGEDALE PLAINS,1.394228446 103.9109139,249,C,HDB,1.394228446,103.9109139
98,P9,,BLK 128 PUNGGOL FIELD WALK,1.392923918 103.9125375,239,C,HDB,1.392923918,103.9125375
99,Q8,,BLK 19/23A/23B QUEENS CLOSE,1.294206414 103.7995693,44,Y,HDB,1.294206414,103.7995693
100,Q8,,BLK 19/23A/23B QUEENS CLOSE,1.294206414 103.7995693,0,H,HDB,1.294206414,103.7995693
101,Q8,,BLK 19/23A/23B QUEENS CLOSE,1.294206414 103.7995693,54,C,HDB,1.294206414,103.7995693
102,T1,,BLK 101/108 TAMPINES ST 11,1.347395724 103.9462336,192,C,HDB,1.347395724,103.9462336
103,T3,,BLK 109/114 TAMPINES ST 11,1.346598132 103.9474328,106,C,HDB,1.346598132,103.9474328
104,T4,,BLK 124/127 TAMPINES STREET 11,1.345420018 103.9498142,113,C,HDB,1.345420018,103.9498142
105,T7,,BLK 136/138 TAMPINES ST 11,1.345469697 103.9458054,45,C,HDB,1.345469697,103.9458054
106,T8,,BLK 137/139 TAMPINES ST 11,1.346414231 103.9441901,84,C,HDB,1.346414231,103.9441901
107,T9,,BLK 140/148 TAMPINES STREET 12,1.347816332 103.9436467,282,C,HDB,1.347816332,103.9436467
108,U1,,BLK 101/110 BUKIT BATOK WEST AVE 6,1.348389703 103.7469815,240,C,HDB,1.348389703,103.7469815
109,U2,,BLK 111/132 BUKIT BATOK WEST AVE 6,1.349872484 103.7463093,501,C,HDB,1.349872484,103.7463093
110,U3,,BLK 133/139 BUKIT BATOK WEST AVENUE 6,1.351391957 103.7443516,81,C,HDB,1.351391957,103.7443516
111,U4,,BLK 140/143 BUKIT BATOK STREET 11,1.350653565 103.74322,109,C,HDB,1.350653565,103.74322
112,U5,,BLK 144/149 BUKIT BATOK WEST AVENUE 6,1.350137241 103.7446779,61,C,HDB,1.350137241,103.7446779
113,U6,,BLK 150/158 BUKIT BATOK STREET 11,1.348029518 103.7441035,0,C,HDB,1.348029518,103.7441035
114,U7,,BLK 159/164 BUKIT BATOK STREET 11,1.348707664 103.7420927,126,C,HDB,1.348707664,103.7420927
115,U8,,BLK 165/168 BUKIT BATOK WEST AVENUE 8,1.347161979 103.7418946,52,C,HDB,1.347161979,103.7418946
116,U9,,BLK 169/177 BUKIT BATOK WEST AVENUE 8,1.345845573 103.7411926,153,C,HDB,1.345845573,103.7411926
117,W3,,BLK 4A/6A WOODLANDS CENTRE ROAD,1.4406995 103.7695026,217,C,HDB,1.4406995,103.7695026
118,W4,,BLK 6/7 MARSILING DRIVE,1.442458149 103.7767461,25,C,HDB,1.442458149,103.7767461
119,W5,,BLK 10/13 MARSILING LANE,1.440754097 103.7781943,232,C,HDB,1.440754097,103.7781943
120,W6,,BLK 15/16 MARSILING LANE,1.442102474 103.777954,19,C,HDB,1.442102474,103.777954
121,W7,,BLK 17/21 MARSILING LANE,1.443136124 103.7776083,11,C,HDB,1.443136124,103.7776083
122,Y1,,BLK 101/102 YISHUN AVE 5,1.430844543 103.8280357,3,C,HDB,1.430844543,103.8280357
123,Y2,,BLK 103/111 YISHUN RING ROAD,1.432166554 103.8280589,70,C,HDB,1.432166554,103.8280589
124,Y3,,BLK 112/120 YISHUN RING ROAD,1.434711422 103.8288865,149,C,HDB,1.434711422,103.8288865
125,Y4,,BLK 121/143 YISHUN STREET 11/RING ROAD,1.434754103 103.8315408,397,C,HDB,1.434754103,103.8315408
126,Y5,,BLK 144/149 YISHUN STREET 11,1.431114532 103.8321076,93,C,HDB,1.431114532,103.8321076
127,Y6,,BLK 150/161 YISHUN STREET 11,1.432523042 103.8341941,118,C,HDB,1.432523042,103.8341941
128,Y7,,BLK 701/716 & 701B YISHUN AVENUE 5,1.427301818 103.8274505,298,C,HDB,1.427301818,103.8274505
129,Y8,,"BLK 731/746 YISHUN STREET 71,72/AVENUE 5",1.429444919 103.8312781,375,C,HDB,1.429444919,103.8312781
130,Y9,,BLK 747/752 YISHUN STREET 72,1.427830914 103.8340126,126,C,HDB,1.427830914,103.8340126
131,A10,,BLK 201/202 ANG MO KIO STREET 22,1.368632982 103.844524,30,C,HDB,1.368632982,103.844524
132,A11,,BLK 223/226/226A-226D ANG MO KIO ST 22,1.367035534 103.8381811,163,C,HDB,1.367035534,103.8381811
133,A12,,BLK 229/230 ANG MO KIO ST 22,1.368509827 103.8386753,105,C,HDB,1.368509827,103.8386753
134,A13,,BLK 232/233 ANG MO KIO ST 22,1.368000222 103.8368096,75,C,HDB,1.368000222,103.8368096
135,A15,,BLK 226E-226H ANG MO KIO ST 22,1.36696761 103.8404175,23,C,HDB,1.36696761,103.8404175
136,A20,,BLK 304/307/319 ANG MO KIO ST 31,1.364943381 103.8484571,0,C,HDB,1.364943381,103.8484571
137,A21,,BLK 325/326/301 ANG MO KIO STREET 31,1.368127559 103.8463132,354,C,HDB,1.368127559,103.8463132
138,A24,,BLK 338/340 ANG MO KIO ST 32,1.364753412 103.8493977,107,C,HDB,1.364753412,103.8493977
139,A25,,BLK 330/337 ANG MO KIO AVE 8,1.362769307 103.8516275,242,C,HDB,1.362769307,103.8516275
140,A26,,BLK 113/114/118 ANG MO KIO AVE 4,1.372770202 103.8354476,198,C,HDB,1.372770202,103.8354476
141,A27,,BLK 108/109/110 ANG MO KIO ST 11,1.370363052 103.8383207,117,C,HDB,1.370363052,103.8383207
142,A28,,BLK 103/105/107 ANG MO KIO ST 11,1.371649928 103.8374643,35,C,HDB,1.371649928,103.8374643
143,A29,,BLK 347 ANG MO KIO AVENUE 3,1.367361242 103.8487183,239,C,HDB,1.367361242,103.8487183
144,A30,,BLK 129/134 ANG MO KIO STREET 12,1.370989747 103.842419,0,C,HDB,1.370989747,103.842419
145,A31,,BLK 119/128 ANG MO KIO ST 12,1.370451119 103.8436999,80,C,HDB,1.370451119,103.8436999
146,A33,,BLK 253/254 ANG MO KIO STREET 21,1.369886364 103.8345405,0,C,HDB,1.369886364,103.8345405
147,A34,,BLK 422/425 ANG MO KIO ST 42,1.368356473 103.8516674,94,C,HDB,1.368356473,103.8516674
148,A35,,BLK 426/428/435 ANG MO KIO ST 43,1.368646393 103.8540815,321,C,HDB,1.368646393,103.8540815
149,A36,,BLK 436/443/445 ANG MO KIO ST 43,1.366407128 103.8552788,350,C,HDB,1.366407128,103.8552788
150,A37,,BLK 446/449/453 ANG MO KIO ST 43,1.368113068 103.8555566,42,C,HDB,1.368113068,103.8555566
151,A38,,BLK 407/410/421 ANG MO KIO AVE 10,1.363963706 103.8545884,431,C,HDB,1.363963706,103.8545884
152,A39,,BLK 401/405 ANG MO KIO AVE 10,1.361151022 103.8540722,57,C,HDB,1.361151022,103.8540722
153,A40,,BLK 471/476 ANG MO KIO ST 44,1.362356151 103.8569821,363,C,HDB,1.362356151,103.8569821
154,A41,,BLK 466/470 ANG MO KIO ST 44,1.364936935 103.8569326,146,C,HDB,1.364936935,103.8569326
155,A42,,BLK 461/465 ANG MO KIO ST 44,1.366580182 103.8573639,99,C,HDB,1.366580182,103.8573639
156,A43,,BLK 457/458/460 ANG MO KIO ST 44,1.365996736 103.8592673,19,C,HDB,1.365996736,103.8592673
157,A44,,BLK 459/456 ANG MO KIO ST 44,1.367205743 103.8589905,68,C,HDB,1.367205743,103.8589905
158,A45,,BLK 570/578 ANG MO KIO ST 51,1.370917693 103.8552305,236,C,HDB,1.370917693,103.8552305
159,A47,,BLK 562/565/560 ANG MO KIO STREET 54,1.370558167 103.8592466,162,C,HDB,1.370558167,103.8592466
160,A48,,BLK 571/73 ANG MO KIO ST 51,1.370371281 103.8546523,30,C,HDB,1.370371281,103.8546523
161,A49,,BLK 555/559 ANG MO KIO STREET 54,1.371329606 103.8577971,45,C,HDB,1.371329606,103.8577971
162,A50,,BLK 548/552/556 ANG MO KIO STREET 54,1.372522464 103.8576096,66,C,HDB,1.372522464,103.8576096
163,A51,,BLK 252/253A ANG MO KIO STREET 21,1.369470739 103.8343753,7,C,HDB,1.369470739,103.8343753
164,A52,,BLK 701/716 ANG MO KIO AVE 3/6,1.370385433 103.8469225,0,C,HDB,1.370385433,103.8469225
165,A53,,BLK 712A ANG MO KIO AVE 3/6,1.370865023 103.8468773,658,C,HDB,1.370865023,103.8468773
166,A54,,BLK 727/728 ANG MO KIO AVE 6,1.372434359 103.8459154,342,C,HDB,1.372434359,103.8459154
167,A59,,BLK 547/551 ANG MO KIO ST 54,1.373896221 103.8581398,66,C,HDB,1.373896221,103.8581398
168,A60,,BLK 540/546 ANG MO KIO ST 54,1.374464495 103.8559134,333,C,HDB,1.374464495,103.8559134
169,A61,,BLK 520/534/529 ANG MO KIO AVE 5/10,1.374170446 103.85216,546,C,HDB,1.374170446,103.85216
170,A63,,BLK 501/513/508 ANG MO KIO ST 52/53,1.375176821 103.8493957,404,C,HDB,1.375176821,103.8493957
171,A64,,BLK 584/586 ANG MO KIO ST 51,1.370506585 103.8534735,47,C,HDB,1.370506585,103.8534735
172,A65,,BLK 558/560 ANG MO KIO STREET 54,1.371029159 103.8594172,60,C,HDB,1.371029159,103.8594172
173,A66,,BLK 601/604/603 ANG MO KIO AVE 5,1.380544931 103.8356606,50,C,HDB,1.380544931,103.8356606
174,A67,,BLK 605/612 ANG MO KIO AVE 4/5,1.379686324 103.8378049,412,C,HDB,1.379686324,103.8378049
175,A68,,BLK 620/624/626 ANG MO KIO ST 61,1.381897619 103.8398542,52,C,HDB,1.381897619,103.8398542
176,A69,,BLK 623/625/627 ANG MO KIO ST 61,1.381641458 103.8419454,341,C,HDB,1.381641458,103.8419454
177,A70,,BLK 629/626 ANG MO KIO AVE 4,1.380620641 103.8401072,90,C,HDB,1.380620641,103.8401072
178,A71,,BLK 628/632 ANG MO KIO ST 61,1.380009094 103.8407419,43,C,HDB,1.380009094,103.8407419
179,A72,,BLK 633/640 ANG MO KIO ST 61,1.380760963 103.8435303,195,C,HDB,1.380760963,103.8435303
180,A73,,BLK 641/645 ANG MO KIO ST 61,1.378848189 103.8408247,225,C,HDB,1.378848189,103.8408247
181,A74,,BLK 646/649 ANG MO KIO ST 61,1.37865168 103.8438047,75,C,HDB,1.37865168,103.8438047
182,A75,,BLK 177/182 ANG MO KIO AVE 4,1.376086591 103.8385877,182,C,HDB,1.376086591,103.8385877
183,A76,,BLK 613A ANG MO KIO AVENUE 4,1.377977112 103.8388348,387,C,HDB,1.377977112,103.8388348
184,A77,,BLK 150/156 ANG MO KIO AVE 5,1.376251001 103.8399554,130,C,HDB,1.376251001,103.8399554
185,A78,,BLK 157/163 ANG MO KIO AVE 4,1.374648501 103.8383868,372,C,HDB,1.374648501,103.8383868
186,A81,,BLK 170/172 ANG MO KIO ST 13,1.374355553 103.8364788,37,C,HDB,1.374355553,103.8364788
187,A82,,BLK 173/176 ANG MO KIO AVE 4,1.375674922 103.8363987,95,C,HDB,1.375674922,103.8363987
188,A85,,BLK 340 ANG MO KIO ST 32,1.365107378 103.8497094,46,C,HDB,1.365107378,103.8497094
189,A87,,BLK 462/463 ANG MO KIO ST 44,1.366826359 103.8578842,68,C,HDB,1.366826359,103.8578842
190,A88,,BLK 348 ANG MO KIO AVE 3,1.366280716 103.8472665,4,C,HDB,1.366280716,103.8472665
191,A94,,BLK 104C ANG MO KIO STREET 11,1.371859827 103.838316,129,C,HDB,1.371859827,103.838316
192,A98,,BLK 259 ANG MO KIO AVE 2,1.369164311 103.8318542,73,C,HDB,1.369164311,103.8318542
193,ACB,,BLK 270/271 ALBERT CENTRE BASEMENT CAR PARK,1.301063272 103.854118,7,C,HDB,1.301063272,103.854118
194,ACM,,BLK 98A ALJUNIED CRESCENT,1.32100429 103.8850609,0,H,HDB,1.32100429,103.8850609
195,ACM,,BLK 98A ALJUNIED CRESCENT,1.32100429 103.8850609,213,C,HDB,1.32100429,103.8850609
196,ACM,,BLK 98A ALJUNIED CRESCENT,1.32100429 103.8850609,45,Y,HDB,1.32100429,103.8850609
197,AH1,,BLK 101 JALAN DUSUN,1.328283495 103.8446199,132,C,HDB,1.328283495,103.8446199
198,AR9,,BLK 20/22/23 DOVER CRESCENT,1.307284363 103.7834396,14,Y,HDB,1.307284363,103.7834396
199,AR9,,BLK 20/22/23 DOVER CRESCENT,1.307284363 103.7834396,50,H,HDB,1.307284363,103.7834396
200,AR9,,BLK 20/22/23 DOVER CRESCENT,1.307284363 103.7834396,1,C,HDB,1.307284363,103.7834396
201,AV1,,BLK 120/120A/121-127 ALEXANDRA VILLAGE,1.285582555 103.8032153,22,C,HDB,1.285582555,103.8032153
202,B10,,BLK 404/413 BEDOK NORTH AVENUE 3,1.329028331 103.9337077,231,C,HDB,1.329028331,103.9337077
203,B11,,BLK 416/418 BEDOK NORTH AVENUE 2,1.328342005 103.9303962,521,C,HDB,1.328342005,103.9303962
204,B14,,BLK 412/413 BEDOK NORTH AVENUE 2,1.329159093 103.9314451,61,C,HDB,1.329159093,103.9314451
205,B16,,BLK 32/63 BEDOK SOUTH AVENUE 2,1.323501118 103.9405595,161,C,HDB,1.323501118,103.9405595
206,B17,,BLK 52/57 NEW UPPER CHANGI ROAD,1.324217738 103.9418572,167,C,HDB,1.324217738,103.9418572
207,B19,,BLK 37/38/43/60 BEDOK SOUTH ROAD,1.321924546 103.940961,371,C,HDB,1.321924546,103.940961
208,B20,,BLK 67/73 BEDOK SOUTH ROAD,1.319799714 103.9434204,141,C,HDB,1.319799714,103.9434204
209,B21,,BLK 74/82 BEDOK NORTH ROAD,1.328177963 103.9410465,286,C,HDB,1.328177963,103.9410465
210,B24,,BLK 84/89 BEDOK NORTH AVENUE 4,1.33264716 103.9382946,0,C,HDB,1.33264716,103.9382946
211,B25,,BLK 91/97 BEDOK NORTH AVENUE 4,1.332969119 103.9404903,10,C,HDB,1.332969119,103.9404903
212,B26,,BLK 98/100 BEDOK NORTH AVENUE 4,1.334307987 103.9403406,112,C,HDB,1.334307987,103.9403406
213,B27,,BLK 101/106 BEDOK NORTH AVENUE 4,1.334117747 103.9380381,129,C,HDB,1.334117747,103.9380381
214,B28,,BLK 107/110 BEDOK NORTH ROAD,1.33254479 103.9355711,211,C,HDB,1.33254479,103.9355711
215,B30,,BLK 119/123 BEDOK NORTH STREET 2,1.329942835 103.9387534,0,C,HDB,1.329942835,103.9387534
216,B31,,BLK 124/129 BEDOK NORTH STREET 2,1.328501234 103.9388502,252,C,HDB,1.328501234,103.9388502
217,B32,,BLK 130/132 BEDOK NORTH STREET 2,1.32741067 103.9367575,183,C,HDB,1.32741067,103.9367575
218,B33,,BLK 131/122 BEDOK NORTH AVENUE 3,1.327240858 103.9358002,189,C,HDB,1.327240858,103.9358002
219,B34,,BLK 134/136 BEDOK NORTH AVENUE 3,1.328312294 103.9356734,168,C,HDB,1.328312294,103.9356734
220,B35,,BLK 137/140 BEDOK NORTH AVENUE 3,1.329058097 103.9351762,67,C,HDB,1.329058097,103.9351762
221,B40,,BLK 504/507 BEDOK NORTH STREET 3,1.332549948 103.9327701,304,C,HDB,1.332549948,103.9327701
222,B41,,BLK 510 BEDOK NORTH STREET 3,1.332554918 103.9314929,0,C,HDB,1.332554918,103.9314929
223,B42,,BLK 509/511 BEDOK NORTH STREET 3,1.332451791 103.9308212,30,C,HDB,1.332451791,103.9308212
224,B43,,BLK 519/522 553 BEDOK NORTH AVENUE 1/2,1.331105187 103.9276034,113,C,HDB,1.331105187,103.9276034
225,B44,,BLK 528/536 BEDOK NORTH STREET 3,1.333971252 103.9275088,394,C,HDB,1.333971252,103.9275088
226,B45,,BLK 537/539 BEDOK NORTH STREET 3,1.331679984 103.925429,15,C,HDB,1.331679984,103.925429
227,B46,,BLK 537/538 BEDOK NORTH STREET 3,1.331321224 103.924182,44,C,HDB,1.331321224,103.924182
228,B47,,BLK 540/542 BEDOK NORTH STREET 3,1.330895915 103.9222478,176,C,HDB,1.330895915,103.9222478
229,B48,,BLK 543/547 BEDOK NORTH STREET 3,1.330095928 103.9234212,89,C,HDB,1.330095928,103.9234212
230,B49,,BLK 549/551 BEDOK NORTH AVENUE 1,1.332185767 103.9266682,75,C,HDB,1.332185767,103.9266682
231,B50,,BLK 601/605 BEDOK RESERVOIR ROAD,1.330447091 103.9130666,234,C,HDB,1.330447091,103.9130666
232,B51,,BLK 611/616 BEDOK RESERVOIR ROAD,1.3321465 103.9163962,167,C,HDB,1.3321465,103.9163962
233,B52,,BLK 617/624 BEDOK RESERVOIR ROAD,1.33390918 103.9178942,122,C,HDB,1.33390918,103.9178942
234,B53,,BLK 625/629 BEDOK RESERVOIR ROAD,1.334251489 103.9151772,56,C,HDB,1.334251489,103.9151772
235,B54,,BLK 630/632 BEDOK RESERVOIR ROAD,1.333363744 103.9152037,0,C,HDB,1.333363744,103.9152037
236,B57,,BLK 701/708 BEDOK RESERVOIR ROAD,1.335843395 103.9190193,198,C,HDB,1.335843395,103.9190193
237,B59,,BLK 716/718/721 BEDOK RESERVOIR ROAD,1.337459185 103.9259534,181,C,HDB,1.337459185,103.9259534
238,B60,,BLK 722/725 BEDOK RESERVOIR ROAD,1.337194222 103.9290567,136,C,HDB,1.337194222,103.9290567
239,B63,,BLK 739/745 BEDOK RESERVOIR ROAD,1.338153727 103.9226165,0,C,HDB,1.338153727,103.9226165
240,B65,,BLK 155/172 BEDOK SOUTH ROAD/AVE 3,1.32003291 103.9456593,332,C,HDB,1.32003291,103.9456593
241,B66,,BLK 637A BEDOK RESERVOIR ROAD,1.330548155 103.9043396,344,C,HDB,1.330548155,103.9043396
242,B67,,BLK 649A JALAN TENAGA,1.332015772 103.9063948,151,C,HDB,1.332015772,103.9063948
243,B69,,BLK 94A BEDOK NORTH AVENUE 4,1.333426184 103.9419707,220,C,HDB,1.333426184,103.9419707
244,B70,,BLK 201 BEDOK NORTH ST 1,1.326289845 103.9279955,4,C,HDB,1.326289845,103.9279955
245,B71,,BLK 29C CHAI CHEE AVENUE,1.324293889 103.9243004,134,C,HDB,1.324293889,103.9243004
246,B72,,BLK 660A JALAN TENAGA,1.33437706 103.9073898,204,C,HDB,1.33437706,103.9073898
247,B73,,BLK 651A JALAN TENAGA,1.332492268 103.9069672,7,C,HDB,1.332492268,103.9069672
248,B74,,BLK 671A JALAN DAMAI,1.332846853 103.9090553,223,C,HDB,1.332846853,103.9090553
249,B75,,BLK 613C BEDOK RESERVOIR ROAD,1.333038103 103.9175262,267,C,HDB,1.333038103,103.9175262
250,B79,,BLK 772A BEDOK RESERVOIR VIEW,1.336776156 103.9374066,1067,C,HDB,1.336776156,103.9374066
251,B7A,,BLK 216/218 BEDOK NORTH ST 1,1.327131692 103.934037,0,C,HDB,1.327131692,103.934037
252,B7B,,BEDOK CENTRAL,1.326521502 103.93484,12,C,HDB,1.326521502,103.93484
253,B80,,BLK 739A BEDOK RESERVOIR ROAD,1.338268304 103.9233606,215,C,HDB,1.338268304,103.9233606
254,B81,,BLK 30A NEW UPPER CHANGI ROAD,1.323211124 103.9349426,480,C,HDB,1.323211124,103.9349426
255,B83,,BLK 21A CHAI CHEE ROAD,1.326469014 103.9222713,149,C,HDB,1.326469014,103.9222713
256,B84,,BLK 215A BEDOK CENTRAL,1.32622611 103.9342048,549,C,HDB,1.32622611,103.9342048
257,B85,,BLK 184 BEDOK NORTH RD,1.326080246 103.9413578,393,C,HDB,1.326080246,103.9413578
258,B86,,BLK 114A BEDOK NORTH ST 2,1.330720263 103.9355693,68,C,HDB,1.330720263,103.9355693
259,B88,,BLK 34A BED0K SOUTH AVE 2,1.322250932 103.938324,172,C,HDB,1.322250932,103.938324
260,B89,,BLK 116A BEDOK NORTH ROAD,1.330959179 103.9372655,147,C,HDB,1.330959179,103.9372655
261,B90,,BLK 35A BEDOK SOUTH AVE 2,1.322520623 103.9396488,75,C,HDB,1.322520623,103.9396488
262,B91,,BLK 630 BEDOK RESERVOIR ROAD,1.332797324 103.9142523,42,C,HDB,1.332797324,103.9142523
263,B92,,BLK 2A BEDOK SOUTH AVE 1,1.321697394 103.9339351,472,C,HDB,1.321697394,103.9339351
264,B94,,BLK 513A BEDOK NORTH AVE 2,1.332260166 103.9293574,287,C,HDB,1.332260166,103.9293574
265,B95,,BLK 220 BEDOK CENTRAL,1.32551298 103.9350827,245,C,HDB,1.32551298,103.9350827
266,B96,,BLK 219 BEDOK CENTRAL,1.32496629 103.9329516,143,C,HDB,1.32496629,103.9329516
267,B97,,BLK 714A BEDOK RESERVOIR ROAD,1.33615579 103.9235081,284,C,HDB,1.33615579,103.9235081
268,B98,,BLK 748 BEDOK RESERVOIR CRESCENT,1.33607942 103.9219169,315,C,HDB,1.33607942,103.9219169
269,BBB,,BLK 232 BRAS BASAH BASEMENT CAR PARK,1.296580028 103.8536632,7,C,HDB,1.296580028,103.8536632
270,BE3,,BLK 401-408 SIN MING AVE,1.36236382 103.8344066,116,C,HDB,1.36236382,103.8344066
271,BE4,,BLK 101-116 BISHAN STREET 12,1.346495537 103.8483778,381,C,HDB,1.346495537,103.8483778
272,BE5,,BLK 117-134 BISHAN STREET 12,1.346177376 103.8509611,326,C,HDB,1.346177376,103.8509611
273,BE6,,BLK 135/138 BISHAN STREET 12,1.344748214 103.8518833,115,C,HDB,1.344748214,103.8518833
274,BE7,,BLK 139-144 BISHAN STREET 12,1.345004699 103.8530229,15,C,HDB,1.345004699,103.8530229
275,BE8,,"BLK 145-150A, 151 BISHAN STREET 11",1.344436392 103.8553148,304,C,HDB,1.344436392,103.8553148
276,BE9,,BLK 153-167 BISHAN STREET 13,1.347170262 103.8561828,355,C,HDB,1.347170262,103.8561828
277,BH1,,BLK 1 THOMSON ROAD,1.324991365 103.8424599,23,C,HDB,1.324991365,103.8424599
278,BH2,,BLK 2 BALESTIER ROAD,1.326045973 103.8428582,23,C,HDB,1.326045973,103.8428582
279,BJ1,,BLK 130-140 CASHEW ROAD,1.37395668 103.769323,194,C,HDB,1.37395668,103.769323
280,BJ2,,BLK 141-151 GANGSA/PETIR ROAD,1.376135031 103.7666613,122,C,HDB,1.376135031,103.7666613
281,BJ3,,BLK 101/129 GANGSA ROAD/PENDING ROAD,1.377310194 103.7693773,463,C,HDB,1.377310194,103.7693773
282,BJ4,,BLK 219/233 PETIR ROAD,1.375459719 103.7723545,47,C,HDB,1.375459719,103.7723545
283,BJ8,,BLK 201/218 PETIR ROAD,1.374612729 103.7737107,475,C,HDB,1.374612729,103.7737107
284,BL3,,BLK 174/179 BOON LAY DRIVE,1.346874708 103.7092346,151,C,HDB,1.346874708,103.7092346
285,BL8,,BLK 221 BOON LAY PLACE,1.345425134 103.7133909,190,C,HDB,1.345425134,103.7133909
286,BLM,,BLK 10 BENDEMEER ROAD,1.31550644 103.8609587,346,C,HDB,1.31550644,103.8609587
287,BM1,,BLK 28 JALAN BUKIT MERAH,1.286273508 103.8096692,18,C,HDB,1.286273508,103.8096692
288,BM2,,BLK 28 HOY FATT ROAD,1.286850768 103.8099531,20,C,HDB,1.286850768,103.8099531
289,BM3,,BLK 49/50 HOY FATT ROAD,1.287707766 103.8115278,4,C,HDB,1.287707766,103.8115278
290,BM4,,BLK 35A JALAN RUMAH TINGGI,1.287667284 103.8089551,60,C,HDB,1.287667284,103.8089551
291,BM5,,BLKS 8/10 JALAN RUMAH TINGGI,1.288431556 103.8076195,1,H,HDB,1.288431556,103.8076195
292,BM5,,BLKS 8/10 JALAN RUMAH TINGGI,1.288431556 103.8076195,9,C,HDB,1.288431556,103.8076195
293,BM5,,BLKS 8/10 JALAN RUMAH TINGGI,1.288431556 103.8076195,1,Y,HDB,1.288431556,103.8076195
294,BM6,,BLK 61 LENGKOK BAHRU,1.289533391 103.8137645,0,H,HDB,1.289533391,103.8137645
295,BM6,,BLK 61 LENGKOK BAHRU,1.289533391 103.8137645,3,Y,HDB,1.289533391,103.8137645
296,BM6,,BLK 61 LENGKOK BAHRU,1.289533391 103.8137645,15,C,HDB,1.289533391,103.8137645
297,BM9,,BLK 58/59 LENGKOK BAHRU,1.289097999 103.814358,121,C,HDB,1.289097999,103.814358
298,BP1,,BLK 101/109 BUKIT PURMEI ROAD,1.272794946 103.82487,237,C,HDB,1.272794946,103.82487
299,BP2,,BLK 110/115 BUKIT PURMEI ROAD,1.274091691 103.8270043,168,C,HDB,1.274091691,103.8270043
300,BR4,,BLK 81/89 WHAMPOA DRIVE,1.32357726 103.8554214,139,C,HDB,1.32357726,103.8554214
301,BR5,,BLK 74/75 WHAMPOA DRIVE,1.324908971 103.8581906,59,C,HDB,1.324908971,103.8581906
302,BR6,,BLK 92 WHAMPOA DRIVE,1.323038825 103.8535358,63,C,HDB,1.323038825,103.8535358
303,BR8,,BLK 76/77 LORONG LIMAU,1.325160011 103.8545583,74,C,HDB,1.325160011,103.8545583
304,BR9,,BLK 69 MOULMEIN ROAD,1.31896257 103.8507431,31,C,HDB,1.31896257,103.8507431
305,BRM,,BLK 39 BENDEMEER ROAD,1.320747202 103.8661729,261,C,HDB,1.320747202,103.8661729
306,BTM,,BLK 2B BOON TIONG ROAD,1.286783924 103.8332897,115,Y,HDB,1.286783924,103.8332897
307,BTM,,BLK 2B BOON TIONG ROAD,1.286783924 103.8332897,124,C,HDB,1.286783924,103.8332897
308,BTM,,BLK 2B BOON TIONG ROAD,1.286783924 103.8332897,0,H,HDB,1.286783924,103.8332897
309,BWM,,BLK 2A JLN BUKIT MERAH,1.286875302 103.8066545,109,C,HDB,1.286875302,103.8066545
310,C10,,"BLK 339,341,344-345,371-381 CLEMENTI AVENUE 5",1.318463207 103.7689629,231,C,HDB,1.318463207,103.7689629
311,C10,,"BLK 339,341,344-345,371-381 CLEMENTI AVENUE 5",1.318463207 103.7689629,115,Y,HDB,1.318463207,103.7689629
312,C10,,"BLK 339,341,344-345,371-381 CLEMENTI AVENUE 5",1.318463207 103.7689629,50,H,HDB,1.318463207,103.7689629
313,C11,,"BLK 321-322,324-326 CLEMENTI AVENUE 5",1.31589499 103.7661416,184,C,HDB,1.31589499,103.7661416
314,C12,,"BLK 301-302,305-308 CLEMENTI AVENUE 4",1.321789844 103.7661061,60,Y,HDB,1.321789844,103.7661061
315,C12,,"BLK 301-302,305-308 CLEMENTI AVENUE 4",1.321789844 103.7661061,50,H,HDB,1.321789844,103.7661061
316,C12,,"BLK 301-302,305-308 CLEMENTI AVENUE 4",1.321789844 103.7661061,152,C,HDB,1.321789844,103.7661061
317,C16,,BLK 430-435 CLEMENTI AVE 3,1.314313927 103.7624816,102,C,HDB,1.314313927,103.7624816
318,C17,,"BLK 442-444,442A CLEMENTI AVE 3",1.313857729 103.7638966,1,H,HDB,1.313857729,103.7638966
319,C17,,"BLK 442-444,442A CLEMENTI AVE 3",1.313857729 103.7638966,5,C,HDB,1.313857729,103.7638966
320,C17,,"BLK 442-444,442A CLEMENTI AVE 3",1.313857729 103.7638966,4,Y,HDB,1.313857729,103.7638966
321,C18,,BLK 426/428 CLEMENTI AVE 3,1.312271663 103.7633744,64,C,HDB,1.312271663,103.7633744
322,C20,,BLK 449-451 CLEMENTI AVE 3,1.313347821 103.7652617,8,C,HDB,1.313347821,103.7652617
323,C24,,BLK 110/118 CLEMENTI STREET 13,1.324197621 103.7712867,49,Y,HDB,1.324197621,103.7712867
324,C24,,BLK 110/118 CLEMENTI STREET 13,1.324197621 103.7712867,88,C,HDB,1.324197621,103.7712867
325,C24,,BLK 110/118 CLEMENTI STREET 13,1.324197621 103.7712867,0,H,HDB,1.324197621,103.7712867
326,C25,,BLK 101-104 CLEMENTI STREET 14,1.322392723 103.7690555,45,C,HDB,1.322392723,103.7690555
327,C25,,BLK 101-104 CLEMENTI STREET 14,1.322392723 103.7690555,0,H,HDB,1.322392723,103.7690555
328,C25,,BLK 101-104 CLEMENTI STREET 14,1.322392723 103.7690555,7,Y,HDB,1.322392723,103.7690555
329,C26,,BLK 105-107 CLEMENTI STREET 12,1.322587761 103.7699291,4,H,HDB,1.322587761,103.7699291
330,C26,,BLK 105-107 CLEMENTI STREET 12,1.322587761 103.7699291,12,Y,HDB,1.322587761,103.7699291
331,C26,,BLK 105-107 CLEMENTI STREET 12,1.322587761 103.7699291,5,C,HDB,1.322587761,103.7699291
332,C27,,BLK 108/109 CLEMENTI STREET 11,1.322242263 103.7705128,0,H,HDB,1.322242263,103.7705128
333,C27,,BLK 108/109 CLEMENTI STREET 11,1.322242263 103.7705128,4,Y,HDB,1.322242263,103.7705128
334,C27,,BLK 108/109 CLEMENTI STREET 11,1.322242263 103.7705128,1,C,HDB,1.322242263,103.7705128
335,C29,,BLK 501-505 WEST COAST DRIVE,1.312614612 103.7592318,85,C,HDB,1.312614612,103.7592318
336,C30,,BLK 507-509 WEST COAST DRIVE,1.311458097 103.7614211,130,C,HDB,1.311458097,103.7614211
337,C31,,BLK 510/511 WEST COAST ROAD,1.310563194 103.7605991,68,C,HDB,1.310563194,103.7605991
338,C32,,BLK 514-519 WEST COAST ROAD,1.308625559 103.7590812,144,C,HDB,1.308625559,103.7590812
339,C33,,BLK 601-613 CLEMENTI WEST STREET 1,1.304559438 103.7668576,252,C,HDB,1.304559438,103.7668576
340,C34,,BLK 702/703 WEST COAST ROAD,1.307010315 103.7609363,72,C,HDB,1.307010315,103.7609363
341,C35,,BLK 704-714 CLEMENTI WEST STREET 2,1.305612302 103.7614392,324,C,HDB,1.305612302,103.7614392
342,C36,,BLK 728/729 CLEMENTI WEST STREET 2,1.305309675 103.7635574,6,C,HDB,1.305309675,103.7635574
343,C37,,"BLK 720-727,730-731 CLEMENTI WEST STREET 2",1.303538317 103.7639717,138,C,HDB,1.303538317,103.7639717
344,C38,,BLK 715-717 CLEMENTI WEST STREET 2,1.302806668 103.7625268,102,C,HDB,1.302806668,103.7625268
345,C3M,,BLK 416A CLEMENTI AVE 1,1.309813588 103.770131,249,Y,HDB,1.309813588,103.770131
346,C3M,,BLK 416A CLEMENTI AVE 1,1.309813588 103.770131,0,H,HDB,1.309813588,103.770131
347,C3M,,BLK 416A CLEMENTI AVE 1,1.309813588 103.770131,306,C,HDB,1.309813588,103.770131
348,C4M,,BLK 413A COMMONWEALTH AVENUE WEST,1.311480109 103.7705025,15,Y,HDB,1.311480109,103.7705025
349,C4M,,BLK 413A COMMONWEALTH AVENUE WEST,1.311480109 103.7705025,0,H,HDB,1.311480109,103.7705025
350,C4M,,BLK 413A COMMONWEALTH AVENUE WEST,1.311480109 103.7705025,170,C,HDB,1.311480109,103.7705025
351,CAM,,BLK 88 TANGLIN HALT RD,1.301821057 103.7982057,10,H,HDB,1.301821057,103.7982057
352,CAM,,BLK 88 TANGLIN HALT RD,1.301821057 103.7982057,228,C,HDB,1.301821057,103.7982057
353,CAM,,BLK 88 TANGLIN HALT RD,1.301821057 103.7982057,94,Y,HDB,1.301821057,103.7982057
354,CC1,,BLK 1/2 CHAI CHEE STREET,1.326621271 103.9229114,87,C,HDB,1.326621271,103.9229114
355,CC4,,"BLK 22/24, 59/63, 803/805 CHAI CHEE ROAD",1.325761538 103.9213875,149,C,HDB,1.325761538,103.9213875
356,CC5,,BLK 27 CHAI CHEE ROAD,1.324822461 103.9234007,42,C,HDB,1.324822461,103.9234007
357,CC6,,BLK 25-27 CHAI CHEE ROAD,1.323513814 103.9235646,27,C,HDB,1.323513814,103.9235646
358,CC7,,BLK 29/37 CHAI CHEE AVENUE,1.325246206 103.9256873,96,C,HDB,1.325246206,103.9256873
359,CC8,,BLK 55/58 CHAI CHEE DRIVE,1.326895488 103.9194412,35,C,HDB,1.326895488,103.9194412
360,CC9,,BLK 41/42 CHAI CHEE STREET,1.327720116 103.9259951,64,C,HDB,1.327720116,103.9259951
361,CDM,,BLK 54 CWEALTH DR,1.301636409 103.7967914,97,Y,HDB,1.301636409,103.7967914
362,CDM,,BLK 54 CWEALTH DR,1.301636409 103.7967914,0,H,HDB,1.301636409,103.7967914
363,CDM,,BLK 54 CWEALTH DR,1.301636409 103.7967914,206,C,HDB,1.301636409,103.7967914
364,CK1,,BLK 101/108 TECK WHYE LANE,1.377844092 103.7533965,110,C,HDB,1.377844092,103.7533965
365,CK2,,BLK 109/117 TECK WHYE LANE,1.379252781 103.7513717,249,C,HDB,1.379252781,103.7513717
366,CK3,,BLK 118/124 TECK WHYE LANE,1.378605924 103.7500625,133,C,HDB,1.378605924,103.7500625
367,CK4,,"BLK 135-138,141,142 & 145 TECK WHYE LANE/AVE",1.380143703 103.7516624,0,C,HDB,1.380143703,103.7516624
368,CK6,,"BLK 143, 144 & 146 TECK WHYE LANE",1.380732698 103.7531056,25,C,HDB,1.380732698,103.7531056
369,CK7,,BLK 135A TECK WHYE LANE,1.380282259 103.7519605,197,C,HDB,1.380282259,103.7519605
370,CK8,,BLK 201-221 CHOA CHU KANG CENTRAL,1.382086079 103.7471057,387,C,HDB,1.382086079,103.7471057
371,CK9,,BLK 223-227 CHOA CHU KANG CENTRAL,1.381495974 103.7449178,0,C,HDB,1.381495974,103.7449178
372,CLM,,BLK 129A CLARENCE LANE,1.292483012 103.8144006,0,H,HDB,1.292483012,103.8144006
373,CLM,,BLK 129A CLARENCE LANE,1.292483012 103.8144006,23,Y,HDB,1.292483012,103.8144006
374,CLM,,BLK 129A CLARENCE LANE,1.292483012 103.8144006,119,C,HDB,1.292483012,103.8144006
375,CM1,,BLK 10 CANTONMENT CLOSE,1.274458074 103.8392166,209,Y,HDB,1.274458074,103.8392166
376,CM1,,BLK 10 CANTONMENT CLOSE,1.274458074 103.8392166,674,C,HDB,1.274458074,103.8392166
377,CM1,,BLK 10 CANTONMENT CLOSE,1.274458074 103.8392166,50,H,HDB,1.274458074,103.8392166
378,CR1,,BLK 1/3/15/17 BEACH ROAD,1.303270836 103.8633077,0,C,HDB,1.303270836,103.8633077
379,CR2,,BLK 3/4 BEACH ROAD,1.30468354 103.8656582,0,C,HDB,1.30468354,103.8656582
380,CR3,,BLK 9 NORTH BRIDGE ROAD,1.305068654 103.8643248,0,C,HDB,1.305068654,103.8643248
381,CR6,,BLK 10 NORTH BRIDGE ROAD,1.305524328 103.8633527,0,C,HDB,1.305524328,103.8633527
382,CR7,,BLK 464/463 CRAWFORD LANE,1.305505881 103.8623393,0,C,HDB,1.305505881,103.8623393
383,CSM,,BLK 54 CHIN SWEE ROAD MSCP,1.287438074 103.8411652,125,C,HDB,1.287438074,103.8411652
384,CV1,,BLK 1/1A TELOK PAKU ROAD,1.388329163 103.988178,158,C,HDB,1.388329163,103.988178
385,CV2,,BLK 3 CHANGI VILLAGE ROAD,1.389902483 103.9879889,1,C,HDB,1.389902483,103.9879889
386,CV3,,BLK 5 CHANGI VILLAGE ROAD,1.389983118 103.9864869,20,C,HDB,1.389983118,103.9864869
387,DRS,,BLK 102A/102B DEPOT ROAD,1.280469756 103.8129928,1284,C,HDB,1.280469756,103.8129928
388,EC2,,BLK 12-25 EUNOS CRESCENT,1.322615728 103.9044421,429,C,HDB,1.322615728,103.9044421
389,EC3,,BLK 5-8/11/4A EUNOS CRESCENT,1.321156734 103.9044758,0,C,HDB,1.321156734,103.9044758
390,EC4,,BLK 1-3/1A EUNOS CRESCENT,1.320516456 103.9026924,45,C,HDB,1.320516456,103.9026924
391,EC7,,BLK 842-848 SIMS AVENUE,1.317783703 103.9016257,24,C,HDB,1.317783703,103.9016257
392,EC8,,BLK 2A EUNOS MRT SIMS AVENUE,1.319226865 103.9032081,129,C,HDB,1.319226865,103.9032081
393,ECM,,BLK 31A EUNOS CRESCENT,1.320029988 103.9016271,271,C,HDB,1.320029988,103.9016271
394,EI3,,BLK 410/411/414-417 EUNOS ROAD 5,1.318846467 103.8983797,98,C,HDB,1.318846467,103.8983797
395,EPL,,BLK 1/7 EVERTON PARK,1.277163553 103.8399127,0,C,HDB,1.277163553,103.8399127
396,EPM,,BLK 6A EVERTON ROAD,1.276184436 103.8389082,119,C,HDB,1.276184436,103.8389082
397,FRM,,BLK 808 FRENCH ROAD MSCP,1.308758633 103.8613647,166,C,HDB,1.308758633,103.8613647
398,GBM,,BLK 60A GEYLANG BAHRU,1.322772391 103.8686337,426,C,HDB,1.322772391,103.8686337
399,GE2,,BLK 120 TO 123 GEYLANG EAST CENTRAL,1.317945422 103.8848394,50,Y,HDB,1.317945422,103.8848394
400,GE2,,BLK 120 TO 123 GEYLANG EAST CENTRAL,1.317945422 103.8848394,94,C,HDB,1.317945422,103.8848394
401,GE2,,BLK 120 TO 123 GEYLANG EAST CENTRAL,1.317945422 103.8848394,50,H,HDB,1.317945422,103.8848394
402,GE3,,BLK 124 TO 128 GEYLANG EAST AVE 1,1.317500992 103.8873633,50,H,HDB,1.317500992,103.8873633
403,GE3,,BLK 124 TO 128 GEYLANG EAST AVE 1,1.317500992 103.8873633,94,Y,HDB,1.317500992,103.8873633
404,GE3,,BLK 124 TO 128 GEYLANG EAST AVE 1,1.317500992 103.8873633,162,C,HDB,1.317500992,103.8873633
405,GE5,,BLK 129-134 GEYLANG EAST AVE 1/2,1.31654978 103.8875653,50,H,HDB,1.31654978,103.8875653
406,GE5,,BLK 129-134 GEYLANG EAST AVE 1/2,1.31654978 103.8875653,29,Y,HDB,1.31654978,103.8875653
407,GE5,,BLK 129-134 GEYLANG EAST AVE 1/2,1.31654978 103.8875653,62,C,HDB,1.31654978,103.8875653
408,GEM,,BLK 118 ALJUNIED AVE 2,1.320036814 103.8876027,182,C,HDB,1.320036814,103.8876027
409,GM2,,BLK 7/8/9 GHIM MOH ROAD,1.311601403 103.7881601,10,C,HDB,1.311601403,103.7881601
410,GM3,,BLK 19/20 GHIM MOH ROAD,1.311155905 103.7888531,0,C,HDB,1.311155905,103.7888531
411,GM5,,BLK 21 GHIM MOH ROAD,1.310381853 103.7885108,44,C,HDB,1.310381853,103.7885108
412,GSM,,BLK 2 GEYLANG SERAI,1.317206714 103.8983401,0,C,HDB,1.317206714,103.8983401
413,H12,,BLK 1/5 DELTA AVE,1.291993773 103.827409,87,Y,HDB,1.291993773,103.827409
414,H12,,BLK 1/5 DELTA AVE,1.291993773 103.827409,197,C,HDB,1.291993773,103.827409
415,H12,,BLK 1/5 DELTA AVE,1.291993773 103.827409,50,H,HDB,1.291993773,103.827409
416,H14,,BLK 96 HAVELOCK ROAD MSCP,1.288421209 103.8324438,43,Y,HDB,1.288421209,103.8324438
417,H14,,BLK 96 HAVELOCK ROAD MSCP,1.288421209 103.8324438,130,C,HDB,1.288421209,103.8324438
418,H14,,BLK 96 HAVELOCK ROAD MSCP,1.288421209 103.8324438,50,H,HDB,1.288421209,103.8324438
419,H17,,BLK 28A BEO CRESCENT,1.288167858 103.8278571,82,C,HDB,1.288167858,103.8278571
420,H18,,BLK 44A HAVELOCK ROAD,1.288989741 103.8269788,174,C,HDB,1.288989741,103.8269788
421,HCM,,BLK 104A HENDERSON CRESCENT,1.289046048 103.8215599,50,H,HDB,1.289046048,103.8215599
422,HCM,,BLK 104A HENDERSON CRESCENT,1.289046048 103.8215599,188,Y,HDB,1.289046048,103.8215599
423,HCM,,BLK 104A HENDERSON CRESCENT,1.289046048 103.8215599,292,C,HDB,1.289046048,103.8215599
424,HE1,,BLK 102/103/104 HENDERSON CRESCENT,1.289222143 103.8223554,2,C,HDB,1.289222143,103.8223554
425,HE1,,BLK 102/103/104 HENDERSON CRESCENT,1.289222143 103.8223554,50,H,HDB,1.289222143,103.8223554
426,HE1,,BLK 102/103/104 HENDERSON CRESCENT,1.289222143 103.8223554,3,Y,HDB,1.289222143,103.8223554
427,HE3,,BLK 116/117 BUKIT MERAH VIEW,1.284719003 103.8217117,9,Y,HDB,1.284719003,103.8217117
428,HE3,,BLK 116/117 BUKIT MERAH VIEW,1.284719003 103.8217117,0,H,HDB,1.284719003,103.8217117
429,HE3,,BLK 116/117 BUKIT MERAH VIEW,1.284719003 103.8217117,34,C,HDB,1.284719003,103.8217117
430,HE4,,BLK 121/122 & 127 BUKIT MERAH VIEW,1.283470913 103.8227829,50,H,HDB,1.283470913,103.8227829
431,HE4,,BLK 121/122 & 127 BUKIT MERAH VIEW,1.283470913 103.8227829,69,C,HDB,1.283470913,103.8227829
432,HE4,,BLK 121/122 & 127 BUKIT MERAH VIEW,1.283470913 103.8227829,11,Y,HDB,1.283470913,103.8227829
433,HE9,,BLK 118/119 BUKIT MERAH VIEW,1.283707366 103.8211938,35,C,HDB,1.283707366,103.8211938
434,HG1,,"BLK 1,2,6,7 HOUGANG AVE 3",1.362153542 103.8941874,22,C,HDB,1.362153542,103.8941874
435,HG2,,BLK 15-18 HOUGANG AVE 3,1.362916282 103.8920255,139,C,HDB,1.362916282,103.8920255
436,HG4,,BLK 19-23 HOUGANG AVE 3,1.364230425 103.8909834,215,C,HDB,1.364230425,103.8909834
437,HG5,,BLK 24/25 HOUGANG AVE 3,1.365355318 103.8923108,84,C,HDB,1.365355318,103.8923108
438,HG7,,BLK 109-127 HOUGANG AVENUE 1,1.353652999 103.887803,335,C,HDB,1.353652999,103.887803
439,HG9,,BLK 201-204 HOUGANG STREET 21,1.358910533 103.8845199,59,C,HDB,1.358910533,103.8845199
440,HLM,,BLK 531A HONG LIM MSCP,1.284852235 103.8455194,307,C,HDB,1.284852235,103.8455194
441,HR1,,BLK 1-3 HAIG RD,1.311462635 103.8975454,19,C,HDB,1.311462635,103.8975454
442,HR2,,BLK 4-6 HAIG RD,1.312632457 103.8970287,57,C,HDB,1.312632457,103.8970287
443,HR3,,BLK 7 TO 9 HAIG RD,1.313980131 103.8963877,46,C,HDB,1.313980131,103.8963877
444,HR4,,BLK 10 TO 14 HAIG RD,1.314692406 103.8960014,0,C,HDB,1.314692406,103.8960014
445,HR5,,BLK 21 TO 23 HAIG RD,1.313018646 103.8950993,26,C,HDB,1.313018646,103.8950993
446,HVM,,BLK 51 HAVELOCK ROAD,1.289869482 103.8277184,339,C,HDB,1.289869482,103.8277184
447,J10,,BLK 246/249 JURONG EAST ST 24,1.342016683 103.7400937,67,C,HDB,1.342016683,103.7400937
448,J11,,BLK 250/251 JURONG EAST ST 24,1.342919667 103.7399377,89,C,HDB,1.342919667,103.7399377
449,J12,,BLK 252/254 JURONG EAST ST 24,1.343362925 103.7382609,8,C,HDB,1.343362925,103.7382609
450,J14,,BLK 256/258 JURONG EAST ST 24,1.34409384 103.7390798,76,C,HDB,1.34409384,103.7390798
451,J15,,BLK 259/264 JURONG EAST ST 24,1.344041811 103.7414179,72,C,HDB,1.344041811,103.7414179
452,J16,,BLK 301/304 JURONG EAST ST 32,1.344401082 103.7356433,71,C,HDB,1.344401082,103.7356433
453,J17,,BLK 305/306 JURONG EAST ST 32,1.34566908 103.7354734,91,C,HDB,1.34566908,103.7354734
454,J18,,BLK 307/308 JURONG EAST ST 32,1.346890757 103.7348451,105,C,HDB,1.346890757,103.7348451
455,J19,,BLK 309/310 JURONG EAST ST 32,1.347925792 103.7339566,61,C,HDB,1.347925792,103.7339566
456,J20,,BLK 311/316 JURONG EAST ST 32,1.346203838 103.7324764,153,C,HDB,1.346203838,103.7324764
457,J21,,BLK 317/328 JURONG EAST STREET 31,1.34906413 103.7298694,302,C,HDB,1.34906413,103.7298694
458,J22,,BLK 329/333 JURONG EAST AVENUE 1,1.351320352 103.7301985,106,C,HDB,1.351320352,103.7301985
459,J23,,BLK 334/341 JURONG EAST AVENUE 1,1.35002832 103.7320159,114,C,HDB,1.35002832,103.7320159
460,J24,,BLK 342/346 JURONG EAST STREET 31,1.345732556 103.7310609,1,C,HDB,1.345732556,103.7310609
461,J25,,BLK 347/350 JURONG EAST AVE 1,1.344863969 103.7316456,0,C,HDB,1.344863969,103.7316456
462,J26,,BLK 351/353 JURONG EAST STREET 31,1.34492186 103.7305968,0,C,HDB,1.34492186,103.7305968
463,J27,,BLK 521/524 JURONG WEST STREET 52,1.346887336 103.7166694,110,C,HDB,1.346887336,103.7166694
464,J29,,BLK 528/534 JURONG WEST STREET 52,1.348626161 103.7169183,181,C,HDB,1.348626161,103.7169183
465,J32,,BLK 515/517 JURONG WEST STREET 52,1.345806661 103.7204749,80,C,HDB,1.345806661,103.7204749
466,J33,,BLK 518/520 JURONG WEST STREET 52,1.34577449 103.7178799,57,C,HDB,1.34577449,103.7178799
467,J34,,BLK 513/514 JURONG WEST STREET 52,1.347067663 103.7200857,63,C,HDB,1.347067663,103.7200857
468,J35,,BLK 508/511 JURONG WEST STREET 51/52,1.348117157 103.7195176,49,C,HDB,1.348117157,103.7195176
469,J36,,BLK 543/551 JURONG WEST STREET 42,1.35217192 103.7154564,184,C,HDB,1.35217192,103.7154564
470,J37,,BLK 537/542 JURONG WEST AVENUE 1,1.351295962 103.7158018,118,C,HDB,1.351295962,103.7158018
471,J38,,BLK 505/508 JURONG WEST STREET 52,1.349118094 103.7185855,7,C,HDB,1.349118094,103.7185855
472,J39,,BLK 456-461 JURONG WEST STREET 41,1.350157499 103.7213475,98,C,HDB,1.350157499,103.7213475
473,J40,,BLK 462-467 JURONG WEST STREET 41,1.350029732 103.7228784,73,C,HDB,1.350029732,103.7228784
474,J41,,BLK 468-473 JURONG WEST STREET 41,1.348289456 103.7220323,158,C,HDB,1.348289456,103.7220323
475,J43,,BLK 474-477 JURONG WEST STREET 41,1.347924854 103.7252685,98,C,HDB,1.347924854,103.7252685
476,J44,,BLK 478-483 JURONG WEST STREET 41,1.346847611 103.7246365,95,C,HDB,1.346847611,103.7246365
477,J45,,BLK 484-491 JURONG WEST AVENUE 1,1.348985181 103.7267854,177,C,HDB,1.348985181,103.7267854
478,J46,,BLK 501/504 JURONG WEST STREET 51,1.349754137 103.7190584,0,C,HDB,1.349754137,103.7190584
479,J47,,BLK 502/503 JURONG WEST AVENUE 1,1.350257476 103.7180208,2,C,HDB,1.350257476,103.7180208
480,J48,,BLK 441/455 JURONG WEST AVE 1/ST 42,1.352172767 103.7184799,349,C,HDB,1.352172767,103.7184799
481,J49,,BLK 552/559 JURONG WEST STREET 42,1.353455799 103.7189495,614,C,HDB,1.353455799,103.7189495
482,J50,,BLK 401/408 JURONG WEST STREET 42,1.353707209 103.7225209,155,C,HDB,1.353707209,103.7225209
483,J51,,BLK 409/416 JURONG WEST STREET 42,1.353556074 103.7246295,380,C,HDB,1.353556074,103.7246295
484,J52,,BLK 423/440 JURONG WEST AVE 1/ST 42,1.351436402 103.7245942,211,C,HDB,1.351436402,103.7245942
485,J53,,BLK 417/422 JURONG WEST STREET 42,1.35074095 103.7267264,115,C,HDB,1.35074095,103.7267264
486,J54,,BLK 492-496 JURONG WEST STREET 41,1.349926571 103.7245099,69,C,HDB,1.349926571,103.7245099
487,J55,,BLK 497-498 JURONG WEST STREET 41,1.348637315 103.7242909,77,C,HDB,1.348637315,103.7242909
488,J56,,BLK 130 JURONG GATEWAY ROAD,1.334892647 103.7393111,0,C,HDB,1.334892647,103.7393111
489,J57,,BLK 131/134 JURONG GATEWAY ROAD,1.333976117 103.7391199,109,C,HDB,1.333976117,103.7391199
490,J61,,BLK 912/932 JURONG WEST STREET 92,1.34007678 103.6884249,343,C,HDB,1.34007678,103.6884249
491,J62,,BLK 902/908 JURONG WEST STREET 91,1.340889782 103.6854076,61,C,HDB,1.340889782,103.6854076
492,J63,,BLK 909/911 JURONG WEST STREET 91,1.341779263 103.6864428,50,C,HDB,1.341779263,103.6864428
493,J64,,BLK 354 JURONG EAST AVE 1,1.344473346 103.7318524,252,C,HDB,1.344473346,103.7318524
494,J65,,BLK 933-953 JURONG WEST STREET 91,1.342770487 103.6892958,658,C,HDB,1.342770487,103.6892958
495,J66,,BLK 959-961 JURONG WEST STREET 92,1.341298039 103.6911289,0,C,HDB,1.341298039,103.6911289
496,J67,,BLK 962-966 JURONG WEST STREET 91,1.341643989 103.6927623,61,C,HDB,1.341643989,103.6927623
497,J69,,BLK 974/980 JURONG WEST STREET 93,1.339687397 103.6936407,94,C,HDB,1.339687397,103.6936407
498,J70,,BLK 835/838 JURONG WEST STREET 81,1.343687036 103.6935087,0,C,HDB,1.343687036,103.6935087
499,J71,,BLK 812/826 JURONG WEST STREET 81,1.346227648 103.6941744,75,C,HDB,1.346227648,103.6941744
